alignment_pos_1based	viral_consensus	viral_consensus_freq	viral_consensus_support	viral_non_gap_n	viral_gap_fraction	viral_counts	cell_consensus	cell_consensus_freq	cell_consensus_support	cell_non_gap_n	cell_gap_fraction	cell_counts	sequence_harmony_like	top_viral_residue	top_viral_residue_support	top_cell_residue_support	top_viral_residue_freq	top_cell_residue_freq	top_freq_diff	odds_ratio	fisher_pvalue	passes_gap_filter	fisher_qvalue	rank_q	rank_harmony	rank_freq_diff	rank_q_pct	rank_harmony_pct	rank_freq_diff_pct	rank_percentile_mean	legacy_n_top15_axes	legacy_n_top30_axes	category	ranking_score	site_weight_score
498	P	1.0	26/26	26	0.10344827586206896	P:26	L	0.40454545454545454	89/220	220	0.004524886877828055	L:89;A:36;F:34;V:25;I:17;T:6;M:5;S:3;W:3;C:1;G:1	1.0	P	26/26	0/220	1.0	0.0	1.0	inf	1.0864010166064105e-35	True	3.064317521999358e-33	1.0	1.0	1.0	1.0	1.0	1.0	1.0	3.0	3.0	rankpct_high_confidence	1.0	1.0
506	C	1.0	26/26	26	0.10344827586206896	C:26	L	0.4772727272727273	105/220	220	0.004524886877828055	L:105;T:37;M:26;I:24;A:19;V:7;F:2	1.0	C	26/26	0/220	1.0	0.0	1.0	inf	1.0864010166064105e-35	True	3.064317521999358e-33	1.0	1.0	1.0	1.0	1.0	1.0	1.0	3.0	3.0	rankpct_high_confidence	1.0	1.0
510	K	1.0	26/26	26	0.10344827586206896	K:26	L	0.3287671232876712	72/219	219	0.00904977375565611	L:72;I:57;T:24;F:22;V:20;A:16;G:6;M:2	1.0	K	26/26	0/219	1.0	0.0	1.0	inf	1.2147938640235314e-35	True	3.064317521999358e-33	1.0	1.0	1.0	1.0	1.0	1.0	1.0	3.0	3.0	rankpct_high_confidence	1.0	1.0
513	P	1.0	26/26	26	0.10344827586206896	P:26	H	0.589041095890411	129/219	219	0.00904977375565611	H:129;V:28;F:26;L:14;Y:6;R:5;S:3;A:2;I:2;N:2;T:2	1.0	P	26/26	0/219	1.0	0.0	1.0	inf	1.2147938640235314e-35	True	3.064317521999358e-33	1.0	1.0	1.0	1.0	1.0	1.0	1.0	3.0	3.0	rankpct_high_confidence	1.0	1.0
678	Q	1.0	25/25	25	0.13793103448275862	Q:25	A	0.45871559633027525	100/218	218	0.013574660633484163	A:100;S:36;P:35;V:18;L:10;C:6;F:4;G:2;I:2;M:2;T:2;W:1	1.0	Q	25/25	0/218	1.0	0.0	1.0	inf	1.275384214810795e-34	True	2.049198096178339e-32	5.0	1.0	1.0	0.9663865546218487	1.0	1.0	0.988795518207283	3.0	3.0	rankpct_high_confidence	0.988795518207283	0.988795518207283
753	V	1.0	25/25	25	0.13793103448275862	V:25	R	0.5688073394495413	124/218	218	0.013574660633484163	R:124;W:65;Y:17;S:6;Q:2;A:1;F:1;K:1;T:1	1.0	V	25/25	0/218	1.0	0.0	1.0	inf	1.275384214810795e-34	True	2.049198096178339e-32	5.0	1.0	1.0	0.9663865546218487	1.0	1.0	0.988795518207283	3.0	3.0	rankpct_high_confidence	0.988795518207283	0.988795518207283
1163	E	1.0	25/25	25	0.13793103448275862	E:25	G	0.29493087557603687	64/217	217	0.01809954751131222	G:64;I:54;A:40;V:39;L:8;T:5;M:2;Y:2;C:1;R:1;S:1	1.0	E	25/25	0/217	1.0	0.0	1.0	inf	1.421643872472584e-34	True	2.049198096178339e-32	5.0	1.0	1.0	0.9663865546218487	1.0	1.0	0.988795518207283	3.0	3.0	rankpct_high_confidence	0.988795518207283	0.988795518207283
668	C	1.0	24/24	24	0.1724137931034483	C:24	V	0.1651376146788991	36/218	218	0.013574660633484163	V:36;G:35;M:35;K:33;F:15;W:15;A:6;D:6;Q:6;Y:6;I:5;T:5;H:4;L:4;E:2;N:2;P:1;R:1;S:1	1.0	C	24/24	0/218	1.0	0.0	1.0	inf	1.2396734567960933e-33	True	1.1371186526429619e-31	9.0	1.0	1.0	0.9327731092436975	1.0	1.0	0.9775910364145659	3.0	3.0	rankpct_high_confidence	0.9775910364145659	0.9775910364145659
674	D	1.0	24/24	24	0.1724137931034483	D:24	G	0.2889908256880734	63/218	218	0.013574660633484163	G:63;I:53;V:42;L:28;A:11;T:8;F:7;S:4;P:2	1.0	D	24/24	0/218	1.0	0.0	1.0	inf	1.2396734567960933e-33	True	1.1371186526429619e-31	9.0	1.0	1.0	0.9327731092436975	1.0	1.0	0.9775910364145659	3.0	3.0	rankpct_high_confidence	0.9775910364145659	0.9775910364145659
681	C	1.0	24/24	24	0.1724137931034483	C:24	F	0.6697247706422018	146/218	218	0.013574660633484163	F:146;H:31;Y:21;L:15;W:3;I:1;V:1	1.0	C	24/24	0/218	1.0	0.0	1.0	inf	1.2396734567960933e-33	True	1.1371186526429619e-31	9.0	1.0	1.0	0.9327731092436975	1.0	1.0	0.9775910364145659	3.0	3.0	rankpct_high_confidence	0.9775910364145659	0.9775910364145659
519	M	1.0	26/26	26	0.10344827586206896	M:26	L	0.2054794520547945	45/219	219	0.00904977375565611	L:45;A:40;V:40;I:28;T:28;F:19;G:4;R:4;S:4;N:2;P:2;C:1;M:1;Q:1	0.995433789954338	M	26/26	1/219	1.0	0.0045662100456621	0.995433789954338	inf	3.2799434328635336e-34	True	4.136828654699132e-32	8.0	13.0	11.0	0.9411764705882353	0.8991596638655462	0.9159663865546218	0.9187675070028011	3.0	3.0	rankpct_moderate_confidence	0.9187675070028011	0.9187675070028011
750	S	1.0	25/25	25	0.13793103448275862	S:25	N	0.7385321100917431	161/218	218	0.013574660633484163	N:161;G:26;I:16;A:6;L:5;Y:3;S:1	0.9954128440366973	S	25/25	1/218	1.0	0.0045871559633027525	0.9954128440366973	inf	3.315998958508068e-33	True	2.7882024576122005e-31	12.0	14.0	12.0	0.907563025210084	0.8907563025210083	0.907563025210084	0.9019607843137254	3.0	3.0	rankpct_moderate_confidence	0.9019607843137254	0.9019607843137254
518	T	1.0	26/26	26	0.10344827586206896	T:26	R	0.30454545454545456	67/220	220	0.004524886877828055	R:67;L:39;A:30;I:21;S:16;G:14;D:6;V:6;H:5;M:5;F:4;T:3;K:2;Q:1;W:1	0.9863636363636363	T	26/26	3/220	1.0	0.013636363636363636	0.9863636363636363	inf	3.9697093146798223e-32	True	3.081105152701493e-30	13.0	17.0	13.0	0.8991596638655462	0.865546218487395	0.8991596638655462	0.8879551820728291	2.0	3.0	rankpct_moderate_confidence	0.8879551820728291	0.8879551820728291
679	S	1.0	25/25	25	0.13793103448275862	S:25	A	0.23394495412844038	51/218	218	0.013574660633484163	A:51;F:48;V:37;L:36;I:22;T:17;S:3;C:2;G:2	0.9862385321100917	S	25/25	3/218	1.0	0.013761467889908258	0.9862385321100917	inf	4.178158687720165e-31	True	2.4121747375960076e-29	14.0	18.0	14.0	0.8907563025210083	0.8571428571428572	0.8907563025210083	0.8795518207282913	2.0	3.0	rankpct_moderate_confidence	0.8795518207282913	0.8795518207282913
949	E	1.0	25/25	25	0.13793103448275862	E:25	R	0.18807339449541285	41/218	218	0.013574660633484163	R:41;L:36;Y:36;K:34;T:18;I:14;S:14;Q:13;N:5;E:3;A:1;H:1;M:1;V:1	0.9862385321100917	E	25/25	3/218	1.0	0.013761467889908258	0.9862385321100917	inf	4.178158687720165e-31	True	2.4121747375960076e-29	14.0	18.0	14.0	0.8907563025210083	0.8571428571428572	0.8907563025210083	0.8795518207282913	2.0	3.0	rankpct_moderate_confidence	0.8795518207282913	0.8795518207282913
683	T	1.0	24/24	24	0.1724137931034483	T:24	F	0.3394495412844037	74/218	218	0.013574660633484163	F:74;G:29;A:28;M:23;L:22;I:14;C:11;S:7;Y:4;T:3;V:2;W:1	0.9862385321100917	T	24/24	3/218	1.0	0.013761467889908258	0.9862385321100917	inf	3.6260448611285726e-30	True	1.7198919621224799e-28	19.0	18.0	14.0	0.8487394957983193	0.8571428571428572	0.8907563025210083	0.865546218487395	1.0	3.0	rankpct_moderate_confidence	0.865546218487395	0.865546218487395
520	E	1.0	26/26	26	0.10344827586206896	E:26	A	0.2764976958525346	60/217	217	0.01809954751131222	A:60;Q:46;S:28;V:23;L:16;H:7;T:7;Y:5;E:4;F:4;G:4;N:4;W:4;M:3;K:1;R:1	0.9815668202764977	E	26/26	4/217	1.0	0.018433179723502304	0.9815668202764977	inf	4.168575754950166e-31	True	2.4121747375960076e-29	14.0	23.0	18.0	0.8907563025210083	0.8151260504201681	0.8571428571428572	0.8543417366946778	1.0	3.0	rankpct_moderate_confidence	0.8543417366946778	0.8543417366946778
945	D	1.0	25/25	25	0.13793103448275862	D:25	P	0.33014354066985646	69/209	209	0.05429864253393665	P:69;K:34;L:21;A:15;R:15;N:14;I:13;W:6;E:5;V:5;D:3;S:2;Y:2;G:1;H:1;M:1;Q:1;T:1	0.9856459330143541	D	25/25	3/209	1.0	0.014354066985645933	0.9856459330143541	inf	1.1295318915836152e-30	True	5.998408834778251e-29	17.0	22.0	17.0	0.865546218487395	0.8235294117647058	0.865546218487395	0.8515406162464986	0.0	3.0	rankpct_moderate_confidence	0.8515406162464986	0.8515406162464986
